Designator,Mid X,Mid Y,Rotation,Layer
C1,250.24999895296637,-150.02003995296636,315.0,top
C10,245.30710678118655,-155.90710678118654,315.0,top
C100,219.410589,-172.589411,45.0,top
C101,211.8,-149.5,0.0,top
C102,196.4,-166.8,90.0,top
C103,200.5,-174.0,180.0,top
C104,221.48,-164.75,0.0,top
C105,206.02,-149.5,180.0,top
C107,207.25,-174.0,180.0,top
C108,219.5,-151.0,135.0,top
C109,221.5,-159.5,0.0,top
C11,247.45562978118656,-170.60000021881345,45.0,top
C111,212.5,-174.5,270.0,top
C112,200.52,-149.5,0.0,top
C113,196.5,-169.75,270.0,top
C114,199.4,-179.8,180.0,top
C115,218.25,-174.5,0.0,top
C116,221.5,-153.75,90.0,top
C117,186.75,-181.775001,90.0,top
C118,188.5,-181.775001,90.0,top
C119,192.25,-181.0,90.0,top
C12,237.849302,-155.474999,90.0,top
C120,194.0,-181.0,90.0,top
C121,192.75,-173.0,270.0,top
C122,195.4,-168.75,90.0,top
C123,194.0,-168.424999,270.0,top
C13,220.520003,-135.75,90.0,top
C14,228.199301,-148.2498,180.0,top
C15,218.520004,-134.999999,90.0,top
C16,223.0,-143.370002,90.0,top
C17,214.540005,-133.249999,90.0,top
C18,228.6,-159.0,0.0,top
C19,229.0,-143.35,90.0,top
C2,240.5,-155.3,0.0,top
C20,240.200699,-118.3,270.0,top
C21,233.5,-123.4,270.0,top
C22,238.349301,-125.599796,270.0,top
C23,250.225,-131.2,180.0,top
C24,310.249999,-146.212499,180.0,top
C25,250.2,-128.7,0.0,top
C26,250.2,-123.900204,0.0,top
C27,304.725,-148.6,0.0,top
C28,295.499999,-146.1625,270.0,top
C29,299.249999,-145.962499,90.0,top
C3,241.197349,-175.1,0.0,top
C30,309.0,-134.825,180.0,top
C31,304.3,-137.4,0.0,top
C32,295.5,-134.325,270.0,top
C33,299.0,-134.549999,90.0,top
C34,268.650001,-156.75,0.0,top
C35,272.100002,-152.25,0.0,top
C36,269.325003,-165.787495,0.0,top
C37,272.575004,-170.537495,0.0,top
C38,269.95,-141.499999,0.0,top
C39,273.2,-146.0,0.0,top
C4,239.2993,-168.599798,0.0,top
C40,269.075004,-181.787497,0.0,top
C41,272.125004,-177.037496,0.0,top
C42,280.825005,-176.787496,180.0,top
C43,280.575004,-171.537497,0.0,top
C44,275.075004,-174.062498,90.0,top
C45,269.825003,-174.062499,90.0,top
C46,281.150002,-152.0,180.0,top
C47,281.100004,-146.500001,0.0,top
C48,274.900002,-149.275002,90.0,top
C49,269.900002,-149.275002,90.0,top
C5,243.75,-135.5,180.0,top
C50,315.4,-166.4,180.0,top
C51,305.479998,-163.5,180.0,top
C52,196.5,-160.5,90.0,top
C53,305.729998,-177.0,180.0,top
C54,196.5,-155.0,90.0,top
C55,309.2,-175.7,90.0,top
C56,315.5,-171.4,0.0,top
C57,309.229998,-164.7,270.0,top
C58,250.225,-126.2,0.0,top
C59,248.5899,-192.300102,90.0,top
C6,243.6,-131.8,0.0,top
C60,250.5899,-192.275101,90.0,top
C61,256.0399,-192.275101,90.0,top
C62,254.2999,-192.275101,90.0,top
C63,237.020002,-192.174793,90.0,top
C64,239.02,-192.174795,90.0,top
C65,242.72,-192.124999,90.0,top
C66,244.47,-192.124999,90.0,top
C67,225.95,-192.5,90.0,top
C68,227.7,-192.5,90.0,top
C69,231.5,-192.025001,90.0,top
C7,228.6,-153.8,0.0,top
C70,233.25,-192.025001,90.0,top
C71,159.25,-129.275001,90.0,top
C72,163.500001,-126.074998,270.0,top
C73,152.750001,-122.274999,180.0,top
C74,152.750001,-123.925,180.0,top
C75,157.500002,-129.25,270.0,top
C76,172.0,-126.275,270.0,top
C77,172.000001,-120.050002,90.0,top
C78,163.2868,-180.774799,180.0,top
C79,163.2868,-183.024799,180.0,top
C8,233.951292,-156.297808,45.0,top
C80,163.2568,-184.774799,180.0,top
C81,158.9,-183.274999,0.0,top
C82,170.2368,-187.024797,270.0,top
C83,167.9868,-187.0248,270.0,top
C84,165.7368,-187.024799,270.0,top
C85,177.35,-185.249999,270.0,top
C86,179.6,-185.25,270.0,top
C87,290.750052,-115.794541,180.0,top
C88,285.750052,-117.244541,270.0,top
C89,273.650052,-114.144541,90.0,top
C9,240.5,-149.25,180.0,top
C90,285.700052,-122.244541,90.0,top
C91,274.995052,-124.194541,0.0,top
C92,276.300052,-114.194541,270.0,top
C93,271.750052,-120.844541,90.0,top
C94,256.05,-159.25,180.0,top
C95,246.0493,-160.624799,270.0,top
C96,256.05,-165.25,180.0,top
C97,246.0493,-163.874799,270.0,top
C98,245.3,-118.3,270.0,top
C99,242.6,-123.349796,0.0,top
D1,165.75,-118.175,90.0,top
D2,167.850001,-128.774999,0.0,top
FB1,222.9993,-148.2498,180.0,top
FB2,215.540003,-136.500003,0.0,top
FB3,195.0,-171.5,90.0,top
FB4,175.4,-187.05,90.0,top
IC1,238.3368,-162.2498,270.0,top
IC10,272.400001,-149.137499,270.0,top
IC2,242.4493,-127.599797,0.0,top
IC3,225.25,-137.0,90.0,top
IC4,301.555,-170.27,270.0,top
IC5,290.200052,-120.044541,90.0,top
IC6,276.200052,-120.394541,90.0,top
IC7,301.499997,-134.675002,270.0,top
IC8,302.0,-146.1125,270.0,top
IC9,272.500002,-173.887498,270.0,top
J1,329.91,-186.594975,0.0,top
J2,156.880001,-171.750001,0.0,top
J5,205.5,-193.25,180.0,top
J6,157.069999,-145.4,270.0,top
J7,149.669998,-156.725,270.0,top
J8,151.81,-149.4,90.0,top
L1,161.750003,-115.524996,0.0,top
L2,167.100002,-124.775,270.0,top
L3,164.2368,-191.274799,0.0,top
R1,245.8,-180.5,0.0,top
R10,302.749999,-142.462499,0.0,top
R11,265.650001,-153.212501,270.0,top
R12,268.150001,-153.212501,90.0,top
R13,271.687501,-154.500001,0.0,top
R14,266.075004,-169.287496,90.0,top
R15,268.575003,-169.287496,270.0,top
R16,272.075004,-168.287495,0.0,top
R17,266.649999,-145.037499,90.0,top
R18,269.150002,-145.037499,270.0,top
R19,272.687501,-143.749999,0.0,top
R2,245.6,-146.8,135.0,top
R20,265.575004,-178.287496,270.0,top
R21,268.075003,-178.287494,90.0,top
R22,271.575004,-179.287495,0.0,top
R23,302.3,-177.3,180.0,top
R24,300.7,-181.2,180.0,top
R25,304.2,-181.2,180.0,top
R26,303.229998,-179.25,0.0,top
R27,304.7,-159.3,180.0,top
R28,303.229998,-161.25,0.0,top
R29,302.2,-163.3,180.0,top
R3,304.25,-134.075,270.0,top
R30,301.3,-159.3,180.0,top
R31,315.1,-190.4,90.0,top
R32,319.55,-179.45,0.0,top
R33,327.2,-117.0,0.0,top
R34,327.8,-166.5,0.0,top
R35,152.750003,-120.675002,0.0,top
R36,152.750004,-125.675001,0.0,top
R37,153.500003,-117.175001,90.0,top
R38,151.750006,-117.150003,270.0,top
R39,151.750004,-129.175,270.0,top
R4,301.175,-137.825,0.0,top
R40,153.500004,-129.175001,270.0,top
R41,159.1618,-188.774799,0.0,top
R42,159.1618,-187.024799,180.0,top
R43,159.1618,-185.274799,180.0,top
R44,274.550049,-125.944542,180.0,top
R45,278.387552,-125.944541,180.0,top
R46,225.5,-140.0,180.0,top
R47,204.0,-146.25,180.0,top
R48,230.5,-140.0,0.0,top
R49,221.5,-167.75,0.0,top
R5,302.325,-131.575,0.0,top
R50,221.5,-166.75,0.0,top
R51,221.5,-165.75,0.0,top
R52,238.0,-127.0,180.0,top
R53,238.0,-128.0,180.0,top
R54,238.0,-129.0,180.0,top
R55,154.8,-155.4,180.0,top
R56,150.425,-163.0,180.0,top
R57,190.75,-170.5,270.0,top
R58,214.925,-179.5,180.0,top
R59,217.5,-177.5,0.0,top
R6,301.5,-129.075,270.0,top
R7,301.749999,-152.537499,90.0,top
R8,302.499999,-150.212499,0.0,top
R9,304.749999,-146.212499,90.0,top
U1,334.850002,-120.75,270.0,top
U10,158.65,-123.075002,270.0,top
U11,162.986801,-186.974799,90.0,top
U2,208.75,-161.8375,270.0,top
U3,190.320001,-181.6,180.0,top
U5,334.850001,-170.450002,270.0,top
U7,252.4092,-193.024899,180.0,top
U8,240.839301,-192.774797,180.0,top
U9,229.570001,-192.574999,180.0,top
Y3,231.614999,-142.935001,90.0,top
Y4,225.635002,-142.935006,90.0,top
